school,department,dept,Arts,Business,Capstone,Community Health,Education,Finance,Gender/Race/Identity,History,Information Technology,International Issues,Languages,Management,Media,Politics and Policy,Psychology,Quantitative Analysis,Repeatable Topics,Research,Social Issues,Washington
Kogod School of Business,Department of Accounting,ACCT,0.00266178180184624,0.143592754250888,0.047629791318676,0.0225132555401111,0.0344467861375257,0.114187049353964,0.00370747315441629,0.00266178180184614,0.0226938741587713,0.0244757457304989,0.00540566661186081,0.337898909745171,0.00794931833060843,0.0510722438392708,0.0498966103731633,0.0134907158026416,0.0321979183600455,0.0248755928721812,0.051294255465189,0.00734847535132472
Kogod School of Business,Department of Finance and Real Estate,FIN,0.00331721701819071,0.0393091634715635,0.0393739479638038,0.0166026517729291,0.0466856702148255,0.37598051684892,0.00331721701819215,0.00488005569650743,0.00744772075275549,0.0291477013548757,0.00361129857332579,0.157408996221289,0.00331721701818947,0.00915148718498781,0.0103309721941917,0.167926389262114,0.0542385654271221,0.0141698728536818,0.00521299014509112,0.00857034900744312
Kogod School of Business,Department of Finance and Real Estate,REAL,0.00471585506559611,0.0171276858239697,0.14430775080511,0.00471585506561735,0.0478378554722446,0.142823817557038,0.00471585506559775,0.00471585506560242,0.00471585506559756,0.0390886820543296,0.00471585506559909,0.462821356928804,0.0117824546000352,0.00471585506559871,0.00471585506560124,0.0230070019995817,0.00807278499295921,0.014225203560667,0.00478259935950074,0.0463959663209497
Kogod School of Business,Department of Information Technology and Analytics,ITEC,0.00377856608590135,0.146576351497502,0.0445629869157235,0.00295412452006658,0.026879786736158,0.0457348555377313,0.0024483449529113,0.00217315050236858,0.148961344000652,0.0224389977238241,0.00255873675141983,0.294483095174783,0.0166684840255136,0.0104335744703768,0.0134054102461526,0.07049811003448,0.0133057168429458,0.0138790261451754,0.0185332773694675,0.0997260604668467
Kogod School of Business,Department of International Business,IBUS,0.00485532437063909,0.241203445128495,0.0512454530058629,0.0216168019657518,0.0447920683080099,0.127159409742249,0.0032963971146431,0.011051508526668,0.0152442102488701,0.197340479056232,0.0266550999605406,0.0792246963521403,0.00426469226709065,0.0283403147742992,0.00502425662587059,0.00389186063197507,0.0650010805522354,0.0209335155787907,0.016965906321583,0.0318934794680541
Kogod School of Business,Department of Management,MGMT,0.00539641822217789,0.467386313056495,0.0425611597870789,0.0446896998904649,0.0204116701954982,0.0260612053030889,0.00314009994164049,0.00806850837506163,0.0207720745776468,0.07670052110328,0.00397796563653405,0.0898341344564041,0.0313237121250287,0.0368611965406739,0.0176387187875929,0.00765905840245636,0.0320021308896907,0.01011769221954,0.0304592858908508,0.024938434598796
Kogod School of Business,Department of Marketing,MKTG,0.00346267262391022,0.394356855051971,0.0593443277120987,0.0316078150396902,0.0330720784037148,0.0173004944451856,0.00821656160878361,0.00357218311955817,0.0231494308911881,0.00858057489552238,0.00346267262390703,0.015446685034277,0.163787505872703,0.00590396307979219,0.0424416161176436,0.0220316865694644,0.0460426620975103,0.0360685245445365,0.0345418114327321,0.0476098788358109
Kogod School of Business,Kogod School of Business,KSB,0.00641515748732641,0.283521459911672,0.0988086091087718,0.00861360005413726,0.087604179461122,0.0137391899363314,0.00435480761718365,0.0060078768473419,0.00411797861679183,0.0198726320766486,0.181363695505038,0.0552276301306367,0.0233736983486164,0.0145992175099688,0.00469574316284652,0.0205842382838516,0.0329417379380823,0.0735789091675103,0.0185725150201991,0.0420071238159233
School of Arts and Sciences,American Studies Program,AMST,0.0549846861614689,0.00789546842440407,0.174168981801069,0.159007478258952,0.0313620028581707,0.00338087338204156,0.0951041351314004,0.235125331131213,0.00289717194576915,0.0277713471239663,0.0195564789463344,0.00506617174632059,0.0224970314633669,0.0166201938530374,0.0282281281579259,0.00289717194576796,0.0226402886241845,0.0111636668433526,0.0449134007288297,0.0347199914724252
School of Arts and Sciences,Arab World Studies,AWST,0.0801838561354986,0.00669320537767808,0.119880505183506,0.0220113432325004,0.0871934527097661,0.00669320537767738,0.102548054573656,0.101157720993124,0.00669320537767672,0.0548949401498656,0.00669320537768218,0.00669320537767784,0.0615295113010766,0.0592079863823633,0.036374797818349,0.00669320537767151,0.204017142447116,0.00669320537769486,0.0125081887519869,0.0116400626774324
School of Arts and Sciences,Department of Anthropology,ANTH,0.0240879965167962,0.00487495368644813,0.0612100513470808,0.122248360734367,0.0833918713443813,0.00928312138735034,0.0931318327239525,0.0728328038203327,0.063728252770116,0.0513211370629155,0.0150576564617821,0.00473446686053015,0.0212654944595815,0.0187064345099301,0.0100877826606198,0.00319242615760075,0.0325985641527179,0.078071062174857,0.174022222504533,0.0561535086641074
School of Arts and Sciences,Department of Art,ARTH,0.638940746932346,0.00274211513413669,0.03183487643951,0.00274211513413828,0.0245753194591213,0.00402704359022698,0.0474718051984591,0.0283841061603591,0.00579049368520394,0.00759181796445149,0.00456778649927255,0.00607836964962684,0.00791382826319832,0.00413215151787041,0.00274211513413677,0.00406208805079879,0.0398519979041298,0.0638782031691648,0.0644205958510674,0.00825242426278144
School of Arts and Sciences,Department of Art,ARTS,0.243074571583366,0.0226858708494511,0.0792421232485333,0.0316341404726841,0.0380683882009624,0.215255657558031,0.0165672041717937,0.00566235222337817,0.0100483360382581,0.00803603925473809,0.0119805608403275,0.124627634751749,0.0437006385773028,0.00464781718824354,0.00464781718824463,0.0116243825915684,0.054157674956006,0.0446038335996324,0.013808225210712,0.0159267314950179
School of Arts and Sciences,Department of Art,GDES,0.0299739019958058,0.0173301117913982,0.105897269457545,0.00439739468000712,0.030015606824023,0.382098036160159,0.00871043282768873,0.00439739468000435,0.199387934617476,0.00580723876429484,0.00439739468000855,0.00439739468000808,0.0882572829377409,0.0043973946800017,0.0043973946800027,0.0113113592212569,0.0456950926308249,0.026464893515275,0.00439739468000333,0.0182690764964755
School of Arts and Sciences,Department of Biology,BIO,0.00753949305632132,0.00319699159820251,0.0826545612262626,0.122882785431,0.0470492972452417,0.0132385480027903,0.0618040957598934,0.00615336741208364,0.0747567214946329,0.0146918124029621,0.00362614997549938,0.00319699159820377,0.00390212488071962,0.0186896139768418,0.107881623613438,0.0282913034537263,0.291073745757213,0.0688398443778373,0.0269226962997263,0.0136082324374045
School of Arts and Sciences,Department of Biology,PSM,0.00793207374312152,0.150735984144778,0.283630481782476,0.166565583948139,0.155729451497121,0.0079320737431251,0.00793207374312088,0.00793207374312229,0.00793207374313274,0.025517714807472,0.00793207374312526,0.00793207374312308,0.0667523482291766,0.0330604800728717,0.00793207374312346,0.00793207374312468,0.0228230706003966,0.0079320737431509,0.00793207374312438,0.00793207374317552
School of Arts and Sciences,Department of Biology and Chemistry,BEHS,0.00270561692938009,0.0027056169293837,0.179013933687683,0.121953125354691,0.207308989565231,0.0503534008440442,0.0253580096026279,0.00270561692938054,0.00799535221938203,0.0627038579073937,0.00566937015039318,0.011683703485281,0.00270561692938093,0.0614223622703511,0.0164839200168633,0.00270561692938399,0.065466620758926,0.117553175265875,0.00644467074115308,0.0470614234831959
School of Arts and Sciences,Department of Chemistry,CHEM,0.00915244363100359,0.00395347709283278,0.106507607254125,0.00776601132917131,0.023480396038318,0.00897968875483536,0.015215202144697,0.00329436748983424,0.0182530148804463,0.0278412007485408,0.0052826799607029,0.00408252617747411,0.00313460486169127,0.00313460486168974,0.00965017652358977,0.158950112539302,0.476013799296524,0.10029051510116,0.00780136890651203,0.007216202407551
School of Arts and Sciences,Department of Computer Science,CSC,0.00382637254419799,0.0206242384925449,0.0902448461927772,0.0428479247018838,0.0454082269525168,0.0467281888685121,0.0198874094728101,0.00699554343653061,0.411320666314372,0.00653041738909574,0.0113950012134183,0.0750476240074467,0.00741072500854772,0.00441754273193618,0.0182043001721367,0.104586352027375,0.0198247365443158,0.0282351965296409,0.0304115753440389,0.00605311205590249
School of Arts and Sciences,Department of Computer Science,GAME,0.0361478486449908,0.00704870198753064,0.063705602485871,0.00307868376980642,0.055197857140136,0.0793071165016635,0.00307868376980861,0.0045194228966946,0.133952988119745,0.00307868376981087,0.00307868376980959,0.0030786837698163,0.353881935099694,0.00307868376980731,0.0121264270939,0.00307868376981623,0.0329701701082928,0.136109856389344,0.00307868376980824,0.0604026033736546
School of Arts and Sciences,"Department of Critical Race, Gender & Culture Studies",AFAM,0.152123954789236,0.00432721784870227,0.110233202588083,0.22591256395391,0.00967940791602543,0.00228051806918251,0.102551742110264,0.325164475204736,0.002280518069182,0.008628494787793,0.00228051806918305,0.00228051806918262,0.00460456227298004,0.00685021426866566,0.00552584189952191,0.00228051806918173,0.0117559673577452,0.0064246136799347,0.0119346817339698,0.00288046924252152
School of Arts and Sciences,"Department of Critical Race, Gender & Culture Studies",APDS,0.174985726061228,0.00205200448482317,0.190179811907375,0.00205200448482186,0.0414417544897815,0.00205200448482312,0.084837157070732,0.263860249567536,0.0020520044848231,0.00707845363155877,0.00995522339288598,0.00205200448482328,0.00362098252799396,0.0292552988926725,0.00205200448482234,0.00205200448482099,0.169215574197477,0.00205200448483106,0.00710172789734461,0.00205200448482604
School of Arts and Sciences,"Department of Critical Race, Gender & Culture Studies",ASIA,0.141102252238462,0.00926166008843542,0.120531371242619,0.00926166008842968,0.104768593560419,0.00926166008844115,0.0318952633499128,0.111188016410795,0.00926166008843239,0.0123267605748223,0.00926166008843332,0.00926166008843657,0.0114333427919386,0.0700454871681469,0.00926166008843265,0.00926166008843175,0.292077123676074,0.00926166008846444,0.0092616600884361,0.0120151881024378
School of Arts and Sciences,"Department of Critical Race, Gender & Culture Studies",CRGC,0.00267229040522487,0.00922431223569456,0.327049359913209,0.00267229040520862,0.0365526270577355,0.00267229040521003,0.388169103654151,0.00267229040523726,0.00267229040521212,0.0326985238650766,0.00267229040521831,0.0275719304598025,0.00267229040522024,0.00267229040521159,0.00267229040521065,0.00267229040520942,0.00267229040521038,0.136434224325723,0.00267229040522153,0.0102324336260126
School of Arts and Sciences,"Department of Critical Race, Gender & Culture Studies",LTST,0.0352513421827442,0.0035302792415098,0.158074119886056,0.265595935401657,0.192104232696939,0.00907010616508075,0.195313759409667,0.0641432125870012,0.00462178687473196,0.0169988568510235,0.00638997141602271,0.00353027924150865,0.00663909221552817,0.00353027924151291,0.00353027924150759,0.00353027924150707,0.00353027924150641,0.012257337079388,0.00600890067170015,0.00634967111340789
School of Arts and Sciences,Department of Economics,ECON,0.00586161616692092,0.0184296976490047,0.0594093607121502,0.03758789600011,0.064446737494122,0.0585951585614619,0.068053915597431,0.0295024022249823,0.00694465820506258,0.141716681584186,0.00325331605749738,0.00910671437996152,0.0118545164197297,0.122032030981381,0.0954836505375977,0.153814413859175,0.0262619164670529,0.0490388203943471,0.0269841789217309,0.0116223177860953
School of Arts and Sciences,Department of Environmental Science,ENVS,0.00543640124402859,0.0106137305430453,0.0696359535867253,0.158757399183282,0.0450289968125344,0.0193043568252844,0.0217470527305241,0.0139040451732611,0.0321959386247163,0.231243348263122,0.0048422211873128,0.0381925698346213,0.00433118374641269,0.0506333933710598,0.00819144981426172,0.0298093394698169,0.0751006986599331,0.117700826902161,0.00938488365671418,0.0539462103711832
School of Arts and Sciences,Department of History,HIST,0.0977958764763731,0.00534440233494575,0.0285515112851036,0.0329808067849524,0.0277049296945417,0.00369734470141497,0.0334758422550185,0.496475599197333,0.00331396779796317,0.0311663555383501,0.00583969744754469,0.0028550173518758,0.0061548683803071,0.0379984567663582,0.00424866926250735,0.0170383101873894,0.0706220093740491,0.0397912470140701,0.0129453603442246,0.041999727805677
School of Arts and Sciences,Department of Literature,LIT,0.415419019769029,0.00558474355552865,0.0569340857989735,0.0256423616282884,0.0306599400437025,0.064046920201743,0.0397034318223969,0.106025484755418,0.0052427105534268,0.0135451042610493,0.0273324725985919,0.00957542897443152,0.0318203519182196,0.00593685890547958,0.00747738417261925,0.00669228413508386,0.0207362794878918,0.100711922806673,0.011736664465538,0.0151765501459156
School of Arts and Sciences,Department of Literature,WRT,0.0582543240237494,0.00144890671082323,0.186892674163577,0.128686664275013,0.0119708626079791,0.00144890671082228,0.0243214152448484,0.00920949792023232,0.00329557982291108,0.00144890671082154,0.0204357540939368,0.0186991443358957,0.12331153100883,0.00688704161369207,0.00180106023472201,0.00144890671082232,0.00144890671082112,0.333115889376607,0.0248295172765419,0.0410445104473536
School of Arts and Sciences,Department of Literature,WRTG,0.0205590600670284,0.00154047780623917,0.243769967903206,0.0998189050995236,0.00154047780625218,0.00154047780623964,0.00426512591068776,0.0015404778062447,0.00265509464615834,0.00548508791844852,0.0545372679354661,0.00154047780623992,0.0276380532455555,0.00222759494457136,0.00154047780624104,0.0174624665984721,0.00154047780623656,0.502218913235514,0.00703864004543267,0.00154047780624167
School of Arts and Sciences,Department of Mathematics and Statistics,DATA,0.0109674956906674,0.0280171396182846,0.189270497591157,0.0238357929736558,0.0463746535886058,0.00488939335757619,0.00232320490486737,0.00232320490487086,0.107275190124969,0.0150571143352266,0.0391995449525853,0.00232320490487114,0.00232320490487092,0.00509472779573258,0.00585851295784108,0.400667402710196,0.00232320490486869,0.0828121877047933,0.0155328582090067,0.0135314638653534
School of Arts and Sciences,Department of Mathematics and Statistics,MATH,0.00876304522423639,0.00447453442948068,0.0799667654939292,0.0481681131623275,0.0364901558905099,0.00646032093828311,0.185986978411543,0.00760893671111642,0.0213208373514031,0.00337859869666216,0.0169704469649148,0.0197778663190349,0.00651827931296422,0.00337859869665823,0.0268545094693554,0.41718979655589,0.0734702254797079,0.0156120838160034,0.00433056454929791,0.0132793425266825
School of Arts and Sciences,Department of Mathematics and Statistics,STAT,0.00375845357036081,0.01433676750612,0.0579188778025596,0.0526107131395752,0.0271547286293969,0.00351089033658166,0.0521326551753588,0.00351089033658063,0.00919355169585977,0.0043230856386632,0.0108448431686503,0.00351089033658266,0.00351089033657963,0.00351089033657941,0.00770706213867868,0.668658866316857,0.037841762734101,0.0239590893104687,0.00780233123876749,0.00420276025167854
School of Arts and Sciences,Department of Neuroscience,NEUR,0.00462888638435808,0.00462888638435698,0.197097017826439,0.0615825208371787,0.0934020725273242,0.0585807969122314,0.0298427144053327,0.00513388540775655,0.0420389037455479,0.0135467631091022,0.00861036564120643,0.00462888638435804,0.00902357841922987,0.00462888638435783,0.209429990027976,0.0115945911348059,0.0845335511586595,0.133746588708233,0.00544150081542286,0.0178796137861231
School of Arts and Sciences,Department of Performing Arts,AMGT,0.0279802902685517,0.110518760388528,0.0942446418758835,0.00580403155997147,0.0349364430767818,0.0270239164531697,0.00203554579145168,0.00203554579145273,0.0194732827822614,0.0218000145514764,0.00203554579145143,0.183924275052101,0.0653353838082199,0.0573636450421902,0.00444098597574681,0.00203554579145132,0.0124581453295647,0.176641509007373,0.113320719276879,0.0365917723854961
School of Arts and Sciences,Department of Performing Arts,ATEC,0.0212456255619102,0.00906057683606338,0.0384982514102859,0.0280361638002007,0.0477957087657648,0.0178102499239931,0.00400394205625535,0.00575711687844528,0.662985580700158,0.00614086129723007,0.00400394205625484,0.00619643370846606,0.0402606525902105,0.00400394205625291,0.0069558274872846,0.00703500477541875,0.0486285979960417,0.0335736379872548,0.00400394205625399,0.00400394205625481
School of Arts and Sciences,Department of Performing Arts,DNCE,0.522667213172793,0.0426713582879035,0.090906687829816,0.0120983197736423,0.061271718892029,0.0273051197918506,0.0333013727158271,0.00207669255007382,0.0223943214592101,0.0107500785066728,0.00505264969416098,0.0121431583583954,0.0145413111561054,0.00207669255007507,0.0793171564731839,0.00207669255007866,0.00447404847021002,0.0304507926972969,0.00244139351547724,0.0219832215551986
School of Arts and Sciences,Department of Performing Arts,MUS,0.0764382890661353,0.0429994169385941,0.111481503028361,0.00235953161057509,0.0206810796149241,0.0466049292457756,0.00518978519977796,0.00370099437066341,0.00386139665248968,0.00404219719621735,0.00953590504568901,0.493676900089333,0.00398148758713958,0.00311869429093635,0.0205862001416485,0.00367411248948066,0.0103696825004103,0.00361944945050385,0.00536024264127449,0.128718202840071
School of Arts and Sciences,Department of Performing Arts,PERF,0.228424539572343,0.0564404940971368,0.053997327701325,0.0114412088812161,0.0592377631570547,0.0429285506497937,0.00875497548064097,0.00742929034250171,0.0420300148476864,0.00712910580234799,0.0235566612327623,0.103264623863882,0.0185017825451756,0.0100268795946689,0.125819894884818,0.0057855404322527,0.0347823080618781,0.0215166538880101,0.0197482577603225,0.119184127204184
School of Arts and Sciences,Department of Performing Arts,THTR,0.13679976981222,0.0269393676025611,0.0947081991909412,0.00326047271704021,0.0750102072434312,0.0563002296108335,0.0166775270395225,0.00232804905953602,0.0957111152588975,0.00455439631107212,0.0232991357540997,0.08187743454043,0.0258076661462724,0.0031145593923608,0.317182970399456,0.0106816692922547,0.00463745810745095,0.00763122705892845,0.00432603071827443,0.00915251474441746
School of Arts and Sciences,Department of Philosophy and Religion,PHIL,0.0896913731596874,0.00494533391494328,0.0575016264094482,0.0310180748035915,0.0199554525257447,0.00317263460437901,0.408902436863151,0.0236800011642915,0.00419016838738685,0.0157673330672465,0.0167976366424096,0.00317263460437924,0.00418937186880111,0.00720851698650754,0.00428904618231016,0.0137346638195698,0.0596762171464765,0.024809139937032,0.116102800370341,0.091195537542303
School of Arts and Sciences,Department of Philosophy and Religion,RELG,0.148417299033817,0.0160469319234331,0.0992660627724285,0.0745712726495096,0.0309666710914879,0.00434982371068041,0.0904706537117584,0.0686699207973551,0.00583044357730314,0.0099202214382548,0.00525420561239711,0.00434982371068174,0.00492710786910343,0.0183219251952106,0.00625953716589953,0.00514587662257464,0.298563037301069,0.0060121898251931,0.0199645612543228,0.0826924347375201
School of Arts and Sciences,Department of Physics,PHYS,0.0248096557975567,0.005222743423085,0.0772677901025361,0.0704402745629236,0.034487811690322,0.00626537403496154,0.0102918831822905,0.0153072117364056,0.0903874536918555,0.00915524455738425,0.00344239655336996,0.014557363914635,0.0103503837227573,0.0138764099029509,0.00495459624521724,0.454265210534824,0.0556081790982071,0.0567929755643961,0.0138083844218236,0.0287086572624981
School of Arts and Sciences,Department of Psychology,PSYC,0.00959042272011371,0.0314363006025687,0.0521009729372573,0.0504719077316452,0.0475255433989853,0.0250071165049948,0.0428779386778358,0.00571866389832304,0.00960767270591268,0.00497673544408523,0.0129375221262649,0.00797309439236075,0.00573678348004189,0.00648816401134375,0.453248616750917,0.0211452824203657,0.0264719625156744,0.100996504891749,0.0715240133922041,0.0141647813973569
School of Arts and Sciences,Department of Sociology,SOCY,0.0647447190277927,0.01285870822524,0.0777127716478793,0.074542913665398,0.0316151600825225,0.0111570856558947,0.167579821899407,0.035334613209637,0.00993307541100786,0.0543174213270168,0.0107613275843111,0.00542392490855264,0.0103542313734377,0.0773088653537301,0.00751551641955945,0.0401751604020295,0.0304602248883606,0.104280692722824,0.155531635998738,0.0183921301966615
School of Arts and Sciences,Health Studies,HLTH,0.00643089294378334,0.0630443761910284,0.0487447089773085,0.288627969859164,0.0358795275381847,0.0155596500592273,0.0274168760790485,0.00275988404520292,0.0153396977721846,0.0243068791643942,0.0139235433428031,0.0337747694701046,0.0155896712976936,0.0303557710057924,0.22541630996244,0.0376288101010964,0.00359389732655323,0.0399765401507011,0.0656118242255545,0.00601840048773508
School of Arts and Sciences,Health Studies,HPRM,0.00490899133956687,0.054747765631663,0.0486041715502555,0.237832862829727,0.0426274538973571,0.0121163603626588,0.024899990285172,0.00447160241221059,0.0153413354481067,0.0150073449253504,0.00906931892898654,0.0424873493615452,0.0160656948322014,0.0239490323183932,0.288353853614496,0.0281873169529477,0.067453451382735,0.0402477581548812,0.0191567433595355,0.00447160241220979
School of Arts and Sciences,Jewish Studies Program,ISR,0.00748990845401031,0.00748990845400157,0.216289638766618,0.00748990845399715,0.0794865621518856,0.007489908454005,0.00748990845400952,0.225486753156246,0.00748990845399745,0.0161919690496215,0.00988298679234706,0.00748990845400165,0.00888107846034901,0.17593300818288,0.0074899084539988,0.00748990845399606,0.156949100805758,0.00748990845401923,0.0252580500506666,0.0107417680435923
School of Arts and Sciences,Jewish Studies Program,JWST,0.10733469853855,0.0157980892364897,0.441307076751669,0.0248102291847153,0.0481240235069772,0.00640422682336271,0.00640422682336673,0.112990423176774,0.00640422682335973,0.014383809294204,0.00640422682336435,0.00640422682336206,0.00640422682336207,0.0177133519501165,0.00640422682336015,0.00640422682335808,0.134045355191242,0.0178893299645235,0.00733550810151872,0.00703429051632419
School of Arts and Sciences,Public Health Program,PUBH,0.00658560835714272,0.0111232948757271,0.0496715814082843,0.381992222024242,0.0379511501481114,0.00658560835713932,0.0107607529995272,0.00658560835714216,0.00969594382290283,0.0113024959854464,0.0258434510952262,0.00658560835713935,0.00658560835714228,0.0106670381179389,0.0152118010775918,0.0618761139266596,0.128848529922072,0.0367931123040864,0.152981913944981,0.0223525565614971
School of Arts and Sciences,School of Arts and Sciences,CAS,0.00378683787484946,0.010607882368934,0.159318530018299,0.105937601991179,0.132714678984917,0.00322211172508095,0.0403071085155139,0.00554028445988992,0.00322211172508096,0.0149201198029244,0.0242402000383491,0.00322211172508125,0.00322211172508154,0.00557628395452755,0.00671553965466184,0.0116981040326845,0.0121138331384038,0.382797129509297,0.0168487543223872,0.0539886644328575
School of Arts and Sciences,"Women's, Gender and Sexuality Studies Program",WGSS,0.0596297083073312,0.0031373959697795,0.11445529797629,0.140837437522128,0.0390999969899738,0.00363551169918931,0.451583685946589,0.0351439941745857,0.00313739596977839,0.0272128692219133,0.00713063279824956,0.00313739596977845,0.00751182833204512,0.0202125183364098,0.00500649765455332,0.00329466430264106,0.027293957752444,0.0306151356338896,0.0142733368733321,0.00365073856909873
School of Arts and Sciences,World Languages & Cultures,ARAB,0.0158412874170854,0.00585039895585899,0.0558422956944586,0.0472318523082722,0.0523272331518762,0.00491801850945615,0.00491801850945291,0.0373785363004265,0.00967963906409957,0.00491801850945331,0.627175609228223,0.0086413914197796,0.0150800561059425,0.0208541729679214,0.0049180185094515,0.00491801850945181,0.0348244188367755,0.0227366156044514,0.0055776194618905,0.0163687809356731
School of Arts and Sciences,World Languages & Cultures,CHIN,0.0130677572838106,0.00449944654347951,0.0465152733091934,0.0311740568720264,0.0103965224381004,0.00401922736859378,0.00432542498315179,0.0260964136836474,0.00401922736859181,0.00491600841042517,0.757438660576696,0.00401922736859225,0.00738889847096137,0.00912808733689241,0.00401922736859175,0.00401922736859215,0.0345849577598275,0.0151094203367072,0.0109564428100878,0.00430649234203139
School of Arts and Sciences,World Languages & Cultures,FREN,0.0202945265687928,0.0280992466534874,0.0514904444679504,0.0556267984899798,0.132074069042294,0.0127676086098538,0.0140264527562799,0.155619486092019,0.00506726144486769,0.0052978424980799,0.417815237256868,0.0157970286490021,0.00459517426747678,0.00636834883572955,0.00454058197268788,0.00645085427324356,0.039826589715478,0.0151612844605339,0.0045405819726874,0.0045405819726879
School of Arts and Sciences,World Languages & Cultures,GERM,0.0832998284745826,0.00410532385903392,0.0636456703788016,0.0241176103294421,0.0321154825246475,0.0161092669627432,0.0207199402488267,0.105022577056753,0.00410532385903388,0.00438701114848818,0.55355902267957,0.00564531205634028,0.00410532385903478,0.00501245239067883,0.00410532385903419,0.0041053238590351,0.0217726806518462,0.0314334771125985,0.00410532385903467,0.00852772483047561
School of Arts and Sciences,World Languages & Cultures,HEBR,0.00690956431604555,0.00690956431599972,0.00690956431600835,0.0701667916650002,0.0291934214983405,0.00690956431600557,0.00690956431601206,0.00690956431603167,0.00690956431600744,0.00690956431600916,0.697056866165318,0.00690956431600102,0.0069095643160013,0.00690956431600318,0.00690956431600058,0.0069095643160222,0.0870128577551488,0.0129265981760337,0.00690956431601285,0.00690956431599858
School of Arts and Sciences,World Languages & Cultures,ITAL,0.0473579639696837,0.00781835944233005,0.0911911867540016,0.0498288844756353,0.0680153652972174,0.00781835944233349,0.012479731402053,0.0148159397940107,0.00781835944233089,0.00781835944233596,0.519941492045211,0.00781835944233051,0.00781835944233071,0.00781835944232988,0.00939667053034107,0.00781835944233121,0.0610167298942491,0.0273988231719159,0.0103354511245751,0.0256748860024531
School of Arts and Sciences,World Languages & Cultures,JAPN,0.0257474218802883,0.00727721586262104,0.108252352841317,0.0492877408959246,0.0306116593226223,0.00727721586262537,0.00727721586262248,0.0312968206463037,0.00727721586262196,0.0193292997787722,0.514306121842199,0.00727721586262103,0.00727721586262183,0.015810575339716,0.00727721586262158,0.0316332695693684,0.0692283940004827,0.0311069490964927,0.0115494688870269,0.0108994148611311
School of Arts and Sciences,World Languages & Cultures,KOR,0.0338287062326585,0.0250386286856474,0.0163486230985801,0.083283932746271,0.0315460797791242,0.00558983079502192,0.0305529381039211,0.0139954990549449,0.00558983079501963,0.0228011500577618,0.58771906051702,0.00558983079501733,0.0209863765621359,0.00558983079501583,0.00558983079501736,0.00558983079502053,0.0666088157685917,0.0123010375126781,0.015860336315537,0.00558983079501595
School of Arts and Sciences,World Languages & Cultures,LING,0.00836439631059519,0.0185245225128258,0.0735021108723295,0.0386780878111095,0.033608284965234,0.0106539329816275,0.0920189112814422,0.0305571843648144,0.148873458791152,0.0282198890113106,0.283643414523215,0.00570246257875798,0.0167131277472893,0.0447158910739133,0.0173277552556836,0.0128310400051537,0.00209509246937241,0.0705874008255921,0.0612879441492057,0.00209509246937584
School of Arts and Sciences,World Languages & Cultures,PERS,0.00528018177840237,0.00528018177840103,0.00528018177841491,0.00528018177839993,0.00528018177840187,0.00528018177840709,0.00528018177840109,0.0052801817784007,0.00528018177840409,0.00528018177840086,0.89967654621034,0.00528018177840116,0.00528018177840466,0.00528018177840149,0.00528018177840259,0.0052801817784062,0.00528018177840107,0.00528018177840322,0.00528018177840513,0.00528018177840031
School of Arts and Sciences,World Languages & Cultures,PORT,0.0182345425665241,0.00606526901820519,0.00606526901821287,0.0396224566972457,0.0292338399765361,0.00606526901820961,0.0462378403115787,0.0257872635146648,0.00606526901820424,0.00606526901820987,0.693149279187354,0.00606526901820357,0.00606526901820366,0.0060652690182035,0.00606526901820372,0.00606526901820582,0.0627236960848805,0.0122278534427251,0.00606526901820298,0.0060652690182258
School of Arts and Sciences,World Languages & Cultures,RUSS,0.0073105672719333,0.0157239508569271,0.0993641132585712,0.0265229525520046,0.0406367875153933,0.0134371858697443,0.00677823362899895,0.0760008023576001,0.00658317436590798,0.0899335974160418,0.452277413407808,0.00658317436590751,0.0102912752390945,0.0139302310008123,0.00658317436590845,0.00658317436590922,0.0512794881388241,0.0263395493653998,0.00658317436591005,0.0372579802913038
School of Arts and Sciences,World Languages & Cultures,SPAN,0.0155672302375628,0.00462127588207616,0.0346889853532952,0.0656635435141311,0.0353291070598437,0.00386030743742309,0.00806833646778544,0.296693996149706,0.00473796918348285,0.0128875806002128,0.404808540276078,0.00271630004974653,0.0325185397925755,0.0130316319995075,0.00352016954505673,0.0045135929317942,0.0195009496865501,0.0179423389911778,0.0111950045938629,0.00813460024813126
School of Arts and Sciences,World Languages & Cultures,SWAH,0.0583109729087731,0.00362169977172463,0.00362169977173353,0.0338600447132793,0.0273848363231987,0.00942499597317497,0.00362169977172671,0.00362169977172516,0.00362169977172847,0.0036216997717303,0.73904325906793,0.0036216997717298,0.00362169977172837,0.0287806993859448,0.00995863995168567,0.00362169977172587,0.0419128345475579,0.0114850196394476,0.00362169977172894,0.00362169977172645
School of Arts and Sciences,World Languages & Cultures,TEFL,0.0128426905762483,0.122849269027558,0.0515607904739867,0.00709734289269006,0.00205758322852715,0.00205758322852629,0.014335961287284,0.00205758322852723,0.0397812113046627,0.0134145236487145,0.469914576834056,0.00815241381373682,0.0311209505880835,0.00205758322852708,0.0230488471398587,0.00382750562932609,0.040774175057422,0.118077031615362,0.00205758322852753,0.032914793968375
School of Arts and Sciences,World Languages & Cultures,TESL,0.0147237070474457,0.0882330122183971,0.0734926540714145,0.0253586449924025,0.0923349636319456,0.00351470387910069,0.0136871660901001,0.00401636073172282,0.0274779700672485,0.019994964502061,0.425490986400252,0.0151768407505923,0.0125203417997047,0.00964917196062543,0.0237781273865634,0.0242918699773196,0.0412231069255664,0.0504147216209155,0.0200256206438346,0.014595065302787
School of Arts and Sciences,World Languages & Cultures,WLC,0.0119547639984957,0.00345914267085549,0.337319200235183,0.253612723550985,0.095744791364306,0.00490256619106543,0.00868212670970099,0.117103554124755,0.0034591426708543,0.00481687882654193,0.0814627907515769,0.00345914267084297,0.00345914267084855,0.00345914267084506,0.00345914267084247,0.00345914267085,0.00345914267084913,0.0476128291195329,0.00345914267084195,0.00565549109022703
School of Communications,School of Communication,COMM,0.0266078227990313,0.0270774188811109,0.038944771400895,0.0134852924239388,0.0284629271340326,0.0873064581948049,0.00807317140224963,0.0205124923918215,0.0266611829744345,0.0232828622541247,0.00512687221040599,0.0318984765188615,0.487050892342249,0.0471480561513472,0.00533438477302023,0.00716877672601971,0.0116033722416683,0.049345964313696,0.0304674649575966,0.0244413399086916
School of Education,School of Education,EDU,0.0107380684182286,0.0869068720879436,0.233521974016683,0.0376468330942581,0.148766567829567,0.0118998824964261,0.0272700710695675,0.011840999169535,0.0231248327135704,0.0184312235367191,0.0291217646045861,0.0218198154738756,0.00610240331818338,0.0433163260115804,0.0995898703709466,0.020733786243271,0.0244669541844397,0.0772626458154921,0.060425172348489,0.00701393719663848
School of International Service,School of International Service,SIS,0.00876980795661295,0.0201183566724534,0.0865795606785338,0.00709616867914968,0.0755705746586571,0.0325244225028207,0.0202139192598732,0.043257561424607,0.0155793972941984,0.292775146162373,0.0125404440471164,0.0168772123575725,0.0162834778827346,0.125394939331044,0.0269129100870925,0.0126780219387433,0.0199014851796968,0.0989539834391036,0.0536593068871218,0.0143133035604953
School of International Service,School of International Service,SISA,0.00396833711191617,0.00175327131561756,0.116349373488178,0.0172632775890145,0.00487242141099786,0.00562002123150638,0.0344994795445404,0.0232850686757521,0.0017532713156165,0.737663656824554,0.00440938672570041,0.00175327131561762,0.00530784509906263,0.0130431255848986,0.00175327131561751,0.00175327131561641,0.013434731716148,0.00356241666837167,0.00571899694668742,0.00223550480458654
School of International Service,School of International Service,SISG,0.00213622288351976,0.0424097477800032,0.00497087087595239,0.0102169672864079,0.00564430781834898,0.0412375262107577,0.0148243231038456,0.0735956762149542,0.0265111576001401,0.442389177812114,0.0013509067386526,0.0525576031178825,0.0209342454826147,0.0822271940284469,0.0488748359081493,0.0402280720633075,0.00209671241932055,0.0501224539695252,0.0116282334617023,0.0260437652243551
School of International Service,School of International Service,SISU,0.0223922181005113,0.00627730142869369,0.110604637879818,0.0449451722435112,0.0147921649275422,0.00890711667643748,0.057161242754205,0.105804624704322,0.00552264844953412,0.374614806404393,0.0024322304485877,0.00693926146090713,0.0085996136159207,0.101585907124153,0.0144931397259715,0.00593199216138074,0.0511135885444943,0.0267841872643471,0.0198127231198241,0.0112854229654459
School of Public Affairs,Department of Government,GOVT,0.0511960346440204,0.0213886165125963,0.0496079519724406,0.0265859728921694,0.0345198662764495,0.010538348636716,0.0458115855578432,0.0764562320287628,0.0185311151297666,0.0254138023652778,0.0068675198358848,0.00654133197851703,0.0500177364561068,0.385284145802159,0.015174106934804,0.0203591726851752,0.0286061863491394,0.0422879964109633,0.0305307584127795,0.0542815191184287
School of Public Affairs,"Department of Justice, Law and Criminology",JLC,0.00821134476024144,0.0152332184276362,0.0450819459605742,0.025440133694586,0.0317684629224413,0.0157591017518816,0.0460777288139805,0.0408604467671218,0.0184499219266083,0.0506392882295553,0.0223500178884245,0.0221739597668606,0.00567410844970454,0.218947571563384,0.0483099400974614,0.0183309710875857,0.0147752707561938,0.0323016167069216,0.292383009182478,0.0272319412463591
School of Public Affairs,Department of Public Administration and Policy,PUAD,0.00333338094756201,0.207939903107378,0.0278099758121788,0.00966965867666629,0.0436759818462323,0.0213019600767415,0.0169204063538664,0.00457891757915074,0.0141309715396138,0.0343510437817551,0.00479954461768006,0.112571768682481,0.00536416038820218,0.151045006954005,0.0483898230017489,0.0543623410293529,0.019189564301395,0.0851869018461956,0.128094634694033,0.00728405476376175
School of Public Affairs,Department of Public Administration and Policy,SPA,0.00658480707434034,0.0364410831958051,0.0978381384135199,0.104015621424598,0.0320955158321265,0.00611005443281823,0.00421466769600096,0.00652797475688571,0.0198501492968539,0.0283387302680266,0.00418509945924964,0.0100250792467089,0.0196482035862088,0.237097140228942,0.0069448019093737,0.102624770912821,0.0212867645572907,0.161600022671419,0.0548105859315185,0.0397607891054924
misc,Honors Program,HNRS,0.00534699944185064,0.0122516938356436,0.759072762330391,0.0742848243356664,0.00564343199074594,0.00333887322049136,0.00333887322048872,0.00333887322049416,0.00770295960943821,0.00333887322049832,0.00442774041023476,0.00374526999643669,0.00333887322049311,0.00333887322049158,0.00333887322048714,0.00333887322048995,0.0376243346629408,0.0384495084186865,0.00712023594506382,0.0176192532589678
misc,Interdisciplinary Studies,IDIS,0.00895316518183296,0.045600035844671,0.0453385246965134,0.269208748540887,0.00814654012891366,0.00414388442252155,0.0245347228221295,0.0122945214245305,0.00414388442251836,0.00685335661733743,0.00483932293057629,0.00645734334498563,0.00414388442252096,0.00414388442251719,0.00659173204755039,0.011320796502034,0.0978130582021212,0.244543630507028,0.0494648300602,0.141464133458611
misc,Interdisciplinary Studies,ISCI,0.00280975264806089,0.131854452801541,0.32352775454138,0.159883150063247,0.0515098788070661,0.00526599513898659,0.00837942817759134,0.00340966382161534,0.116014076679721,0.00498459843582262,0.00280975264806347,0.00542317546994721,0.0597538560531994,0.0138740589111261,0.00957946596668931,0.00845955892000432,0.0513348074397916,0.0227032036500866,0.00617972483228797,0.0122436449937716
misc,International Gateway Program,IGP,0.00526732602953131,0.00526732602952258,0.00992744954687046,0.00526732602952127,0.10264694658664,0.00526732602952816,0.00526732602952672,0.135357158736873,0.00526732602952034,0.011457721393704,0.0622453968119791,0.00526732602952509,0.103535682521372,0.00801477413171122,0.00526732602952329,0.00526732602952076,0.134322632125826,0.31529709425573,0.014775779810046,0.0550134298135286
misc,Office of Graduate & Professional Studies,APM,0.000761724001194954,0.0728996455644685,0.0360980574143599,0.00709094632203161,0.000761724001196755,0.0275536335408145,0.00558138682556595,0.00792224307735102,0.000761724001199092,0.000761724001193099,0.000761724001193329,0.790589184044616,0.000761724001197074,0.000761724001195261,0.00076172400119501,0.000761724001195946,0.000761724001191656,0.0431242151964496,0.000761724001195454,0.000761724001195276
misc,Office of Graduate & Professional Studies,HCS,0.000951863254061433,0.235448696224859,0.0330154475861462,0.276781985879161,0.0017851483139698,0.00095186325406283,0.00095186325406152,0.000951863254062634,0.019341801180025,0.000951863254063019,0.000951863254061515,0.319091551101143,0.00932525730439263,0.0485637643790939,0.000951863254064752,0.0023073836321623,0.000951863254060578,0.0313370713751932,0.0144351237372919,0.000951863254063975
misc,Office of Graduate & Professional Studies,HRAM,0.000782446329374538,0.475553680659888,0.0308303072628204,0.0619952554492259,0.000782446329376857,0.0076735078654259,0.000782446329377006,0.000782446329377334,0.000782446329375376,0.0446787639648366,0.00078244632937547,0.255626898701567,0.0139893070730554,0.0332121852863418,0.0221654583357762,0.000782446329376631,0.000782446329373184,0.00938655801173045,0.0378460604249476,0.000782446329377626
misc,Office of Graduate & Professional Studies,IDLA,0.00450127340640654,0.607621261545353,0.0356466530670566,0.0253396411223055,0.000750157278870493,0.00984851115389511,0.000750157278868194,0.000750157278866796,0.0631324676189507,0.00876995375185494,0.000750157278870968,0.0841855793990992,0.00451958314070613,0.000750157278870334,0.10489232689112,0.00431836194627741,0.00075015727886924,0.0382054251858707,0.00376786081901797,0.000750157278870832
misc,Office of Graduate & Professional Studies,PME,0.000732997433895312,0.62089768892579,0.0364555237731518,0.0206014564231987,0.000732997433896627,0.00178298381312074,0.00073299743389624,0.00136952535273743,0.00732327038673503,0.000732997433895611,0.00138396662968624,0.0298292495052545,0.00450805899870053,0.000732997433896874,0.000732997433897259,0.0215251521789982,0.000732997433895929,0.220998963517877,0.00256680187607389,0.0256263765814027
misc,Office of Graduate & Professional Studies,PROF,0.00157059513787881,0.441813356402817,0.0507272520537119,0.00419772387961801,0.0570492848700577,0.0107561434536006,0.00157059513787888,0.00397059398540423,0.00400354192483285,0.0165582777282015,0.00157059513787959,0.0826343941029648,0.0671294957816843,0.00412770374417589,0.00826747044194894,0.0512859435121213,0.00157059513787674,0.116492527940999,0.0284670605999856,0.0462368490263626
misc,Office of Graduate & Professional Studies,SAM,0.000684874668683492,0.190325761785674,0.0376779424133723,0.0252406497908958,0.000684874668685875,0.0112496576659436,0.000684874668683,0.000684874668682966,0.00194723855466756,0.0203696041846554,0.000684874668684043,0.220170766423381,0.343251412056225,0.0238655161382109,0.000684874668684329,0.000684874668681886,0.000684874668681308,0.030582114883968,0.0623005389120809,0.0275397998414594
misc,Provost,ELTA,0.00146438421793785,0.0020483027737191,0.0231534328088105,0.00327173174534359,0.110693385463938,0.00146438421793787,0.00616552266579451,0.0935745929269103,0.00146438421793705,0.00659305940936322,0.217986192252011,0.00263614861960394,0.056789389450888,0.00629031778279528,0.00146438421793759,0.00146438421793489,0.0152099197784917,0.389821129822795,0.00604102809447823,0.0524039253153724
misc,Recreational Sports & Fitness,HFIT,0.00965147493042008,0.0362688914257702,0.042374231622373,0.088849654329591,0.0585599256672902,0.0128762917467291,0.00676562367324191,0.00533484487025517,0.015903050626247,0.00505962397781214,0.106172225773048,0.0107208562066817,0.00821254248320027,0.0058771178678927,0.384149823839862,0.00778149470884413,0.0334448259212653,0.149547300024635,0.0056886326526345,0.00676156765220597
misc,Study Abroad,SABD,0.00402433446917075,0.00402433446915595,0.147447786046862,0.00402433446915478,0.21491066468847,0.0040243344691533,0.00402433446915672,0.0216902152664375,0.00402433446915354,0.0150428247673301,0.531695968494525,0.00402433446915588,0.00402433446915588,0.00402433446916343,0.00402433446915383,0.00402433446915499,0.00402433446915689,0.00402433446915657,0.00402433446915558,0.0128718581681768
misc,Various Departments,CORE,0.459300510736526,0.00195027236891338,0.0432749792424822,0.0466767434083539,0.0403890115306093,0.00852480866961937,0.16070172770549,0.00195027236891839,0.00195027236891316,0.00638736203877843,0.00195027236891477,0.0019502723689139,0.00195027236891473,0.00195027236891319,0.00422888258635179,0.00195027236891591,0.0479920893770439,0.00195027236891674,0.0375843745687438,0.127387058815767
misc,Various Departments,GNED,0.00571135131666576,0.00571135131666239,0.167367108300795,0.00571135131666806,0.729828567999141,0.00571135131666823,0.00571135131666609,0.00571135131668638,0.00571135131666305,0.00571135131667169,0.00571135131666454,0.00571135131667015,0.00571135131667118,0.00571135131666992,0.00571135131668893,0.00571135131667179,0.00571135131666238,0.00571135131667121,0.00571135131667259,0.00571135131666982
misc,Various Departments,OGIS,0.00373074551609879,0.0492191823010774,0.354071898455976,0.0037307455160955,0.263194201623917,0.00373074551609544,0.00373074551609795,0.0093049847196981,0.00373074551609742,0.0776742621904317,0.00738342928215965,0.00373074551609881,0.00373074551611434,0.0037307455160996,0.00373074551609674,0.00373074551609514,0.00373074551609356,0.110623507604921,0.00373074551609651,0.0837595876286397
misc,Various Departments,SPEX,0.00678329066685954,0.199146286859224,0.110583173618385,0.00828137017819807,0.153643034319698,0.00952689311676558,0.00602126525446016,0.00698093153518972,0.0069645089846605,0.0252361203528709,0.0139813237860162,0.055711768461611,0.0319008148944362,0.00692594698594436,0.0119396965608948,0.0309618893105779,0.113709798818272,0.119567538074966,0.0192743698079063,0.0628599784130635
misc,Various Departments,UCOL,0.00352933210019087,0.00352933210020262,0.00352933210024656,0.00352933210019619,0.75096947295045,0.00352933210021641,0.003529332100192,0.00352933210019111,0.00352933210020679,0.00352933210021234,0.00352933210019676,0.00352933210019482,0.00352933210020399,0.00352933210019201,0.00352933210019202,0.00352933210019242,0.00352933210019875,0.140272988578282,0.00352933210019178,0.0487588927678514
misc,Various Departments,UGST,0.00582729836255314,0.236397892397839,0.226987647704827,0.0351743627078769,0.183001201903753,0.00582729836254692,0.0058272983625447,0.00582729836254648,0.00582729836254556,0.00582729836254858,0.0058272983625484,0.00720551284933773,0.00582729836254438,0.00582729836254499,0.00582729836256757,0.0058272983625441,0.039012948501603,0.0510500349538196,0.00582729836254543,0.151242818630364
misc,Washington Semester Program,WSEM,0.00654404182100838,0.0297593971962896,0.0339034932773934,0.00780827868118253,0.0507056317503597,0.00896662955898137,0.00571328073220688,0.0105062161690757,0.0043343860443989,0.132086590687181,0.00329607533740892,0.00329607533741209,0.0423637573857425,0.165295271594343,0.0032960753374066,0.0032960753374061,0.0601778691333364,0.0567349918244457,0.0271679491156863,0.344747913678735
